{
  "prompt_v1_scores": {
    "faithfulness": 0.9531666666666666,
    "answer_relevancy": 0.9124901439317309,
    "context_recall": 1.0,
    "context_precision": 0.9449999999262501
  },
  "prompt_v2_scores": {
    "faithfulness": 0.9393095238095238,
    "answer_relevancy": 0.9034295774567552,
    "context_recall": 1.0,
    "context_precision": 0.9449999999262501
  },
  "target_met": true
}